[
  {
    "UserId": 1,
    "Id": 1,
    "Title": "For the inconvenience"
 },
  {
    "UserId": 1,
    "Id": 2,
    "Title": "they are welcome to please his fault!"
 },
  {
    "UserId": 1,
    "Id": 3,
    "Title": "all sorts of hatred"
 },
  {
    "UserId": 1,
    "Id": 4,
    "Title": "Not everyone can cause discomfort, but the option"
 },
  {
    "UserId": 1,
    "Id": 5,
    "Title": "everyone is either a"
 },
  {
    "UserId": 1,
    "Id": 6,
    "Title": "Born obstacle is that some"
 },
  {
    "UserId": 1,
    "Id": 7,
    "Title": "And some thing they will have"
 },
  {
    "UserId": 1,
    "Id": 8,
    "Title": "He is a flight away"
 },
  {
    "UserId": 1,
    "Id": 9,
    "Title": "Often it needs reality"
 },
  {
    "UserId": 1,
    "Id": 10,
    "Title": "the division of labor"
 },
  {
    "UserId": 2,
    "Id": 11,
    "Title": "How is it interferes with fluid and pain"
 },
  {
    "UserId": 2,
    "Id": 12,
    "Title": "the consequences of the agony born in Minneapolis"
 },
  {
    "UserId": 2,
    "Id": 13,
    "Title": "the situation is not such that it affairs"
 },
  {
    "UserId": 2,
    "Id": 14,
    "Title": "takes the trouble to any of them"
 },
  {
    "UserId": 2,
    "Id": 15,
    "Title": "to pay the very old cast presents"
 },
  {
    "UserId": 2,
    "Id": 16,
    "Title": ", however, of great and painful pleasure, or that the most important explorer of the"
 },
  {
    "UserId": 2,
    "Id": 17,
    "Title": "or small pleasure that he wants"
 },
  {
    "UserId": 2,
    "Id": 18,
    "Title": "Because they do not know pain"
 },
  {
    "UserId": 2,
    "Id": 19,
    "Title": "outdoor manufacturers seek a similar free for all"
 },
  {
    "UserId": 2,
    "Id": 20,
    "Title": "For the pleasure of rights"
 },
  {
    "UserId": 3,
    "Id": 21,
    "Title": "reject option is a pleasure to follow the seasons and a"
 },
  {
    "UserId": 3,
    "Id": 22,
    "Title": "and that it may provide either"
 },
  {
    "UserId": 3,
    "Id": 23,
    "Title": "This incident not obtain any follow"
 },
  {
    "UserId": 3,
    "Id": 24,
    "Title": "The pains that can be acceptable"
 },
  {
    "UserId": 3,
    "Id": 25,
    "Title": "That was the most we will have no consequences"
 },
  {
    "UserId": 3,
    "Id": 26,
    "Title": "Often it or some of these"
 },
  {
    "UserId": 3,
    "Id": 27,
    "Title": "it is not easy"
 },
  {
    "UserId": 3,
    "Id": 28,
    "Title": "but there is pain and most of all, all the, nor the exercise of, or with the"
 },
  {
    "UserId": 3,
    "Id": 29,
    "Title": "So it is discovered that a large flies"
 },
  {
    "UserId": 3,
    "Id": 30,
    "Title": "Times like hate difference between the assumed and error"
 },
  {
    "UserId": 4,
    "Id": 31,
    "Title": "Flight intense efforts to obtain"
 },
  {
    "UserId": 4,
    "Id": 32,
    "Title": "rejects the pain that they are not burdened by the work"
 },
  {
    "UserId": 4,
    "Id": 33,
    "Title": "this to us"
 },
  {
    "UserId": 4,
    "Id": 34,
    "Title": "When the pleasures of extremely smooth"
 },
  {
    "UserId": 4,
    "Id": 35,
    "Title": "unless they interfere with the greatest need, either, but the resultant"
 },
  {
    "UserId": 4,
    "Id": 36,
    "Title": "no desire or pleasure"
 },
  {
    "UserId": 4,
    "Id": 37,
    "Title": "The only things that might be acceptable called"
 },
  {
    "UserId": 4,
    "Id": 38,
    "Title": "which follow from this"
 },
  {
    "UserId": 4,
    "Id": 39,
    "Title": "to work on it to open or"
 },
  {
    "UserId": 4,
    "Id": 40,
    "Title": "pleasure or where they are or hate "
 },
  {
    "UserId": 5,
    "Id": 41,
    "Title": "sensual pleasures to prosecutors offices at greater resilience consequences"
 },
  {
    "UserId": 5,
    "Id": 42,
    "Title": "bound to explain"
 },
  {
    "UserId": 5,
    "Id": 43,
    "Title": "no pain, open"
 },
  {
    "UserId": 5,
    "Id": 44,
    "Title": "Wisdom is born with partially or services never receive them"
 },
  {
    "UserId": 5,
    "Id": 45,
    "Title": "Where is it bound them to become"
 },
  {
    "UserId": 5,
    "Id": 46,
    "Title": "no discomfort pleasure"
 },
  {
    "UserId": 5,
    "Id": 47,
    "Title": "times of discomfort or"
 },
  {
    "UserId": 5,
    "Id": 48,
    "Title": "How independent of other ways to achieve fault or encounter a cheering"
 },
  {
    "UserId": 5,
    "Id": 49,
    "Title": "to pleasure or to reject any pleasure at consequences"
 },
  {
    "UserId": 5,
    "Id": 50,
    "Title": "But they have yet to determine consumer"
 },
  {
    "UserId": 6,
    "Id": 51,
    "Title": "hate to have an intense desire of anyone"
 },
  {
    "UserId": 6,
    "Id": 52,
    "Title": "the demands which are aimed at the pleasure"
 },
  {
    "UserId": 6,
    "Id": 53,
    "Title": "It is a pleasure to follow one of the ways of discomfort"
 },
  {
    "UserId": 6,
    "Id": 54,
    "Title": "Do not carry the film"
 },
  {
    "UserId": 6,
    "Id": 55,
    "Title": "The whole fault they do not know the architect mistake"
 },
  {
    "UserId": 6,
    "Id": 56,
    "Title": "Every time the leaders of all the offices, but reject"
 },
  {
    "UserId": 6,
    "Id": 57,
    "Title": "welcome the free services of pleasure, a pleasure that is extremely time"
 },
  {
    "UserId": 6,
    "Id": 58,
    "Title": "the consequences of any mistake, but in truth or dislikes"
 },
  {
    "UserId": 6,
    "Id": 59,
    "Title": "no provision similar to elect"
 },
  {
    "UserId": 6,
    "Id": 60,
    "Title": "Every resilience to achieve something that runs less cheering"
 },
  {
    "UserId": 7,
    "Id": 61,
    "Title": "selected for the regular"
 },
  {
    "UserId": 7,
    "Id": 62,
    "Title": "those that have not been accepted that they were"
 },
  {
    "UserId": 7,
    "Id": 63,
    "Title": "I wish it"
 },
  {
    "UserId": 7,
    "Id": 64,
    "Title": "Now is the right film pleasure"
 },
  {
    "UserId": 7,
    "Id": 65,
    "Title": "pleasures is the right choice"
 },
  {
    "UserId": 7,
    "Id": 66,
    "Title": "But he wants pain, pain selected"
 },
  {
    "UserId": 7,
    "Id": 67,
    "Title": "the pleasure is nothing"
 },
  {
    "UserId": 7,
    "Id": 68,
    "Title": "that if there is pain or pleasure, minimizing"
 },
  {
    "UserId": 7,
    "Id": 69,
    "Title": "He is either"
 },
  {
    "UserId": 7,
    "Id": 70,
    "Title": "And how quo"
 },
  {
    "UserId": 8,
    "Id": 71,
    "Title": "and or physical"
 },
  {
    "UserId": 8,
    "Id": 72,
    "Title": "training in how to"
 },
  {
    "UserId": 8,
    "Id": 73,
    "Title": "All these responsibilities"
 },
  {
    "UserId": 8,
    "Id": 74,
    "Title": "Because of the pain of life"
 },
  {
    "UserId": 8,
    "Id": 75,
    "Title": "either because they are not ready"
 },
  {
    "UserId": 8,
    "Id": 76,
    "Title": "great pain to do so bound to criticize corrupt"
 },
  {
    "UserId": 8,
    "Id": 77,
    "Title": "the desire to welcome the wisdom of regular involvement with the truth"
 },
  {
    "UserId": 8,
    "Id": 78,
    "Title": "The reason that we are small and outdoor"
 },
  {
    "UserId": 8,
    "Id": 79,
    "Title": "she has paid for the pleasure it receives born"
 },
  {
    "UserId": 8,
    "Id": 80,
    "Title": "That is no fault"
 },
  {
    "UserId": 9,
    "Id": 81,
    "Title": "a wise and some"
 },
  {
    "UserId": 9,
    "Id": 82,
    "Title": "accepted to receive either the mainstream"
 },
  {
    "UserId": 9,
    "Id": 83,
    "Title": "I hate flies"
 },
  {
    "UserId": 9,
    "Id": 84,
    "Title": "There but they manage"
 },
  {
    "UserId": 9,
    "Id": 85,
    "Title": "the pleasure of the present times or else by anyone"
 },
  {
    "UserId": 9,
    "Id": 86,
    "Title": "to elect the resilience of other rejects, or as a regular"
 },
  {
    "UserId": 9,
    "Id": 87,
    "Title": "or or extremely"
 },
  {
    "UserId": 9,
    "Id": 88,
    "Title": "you encounter the option"
 },
  {
    "UserId": 9,
    "Id": 89,
    "Title": "option is that it will be a pleasure"
 },
  {
    "UserId": 9,
    "Id": 90,
    "Title": "is not even worthy"
 },
  {
    "UserId": 10,
    "Id": 91,
    "Title": "avoided due to their present offices"
 },
  {
    "UserId": 10,
    "Id": 92,
    "Title": "and choosing incident and assumed that she accepted"
 },
  {
    "UserId": 10,
    "Id": 93,
    "Title": "if we who encounter"
 },
  {
    "UserId": 10,
    "Id": 94,
    "Title": "from any trouble in their lives"
 },
  {
    "UserId": 10,
    "Id": 95,
    "Title": "the main things that are open to them in ways that rejects"
 },
  {
    "UserId": 10,
    "Id": 96,
    "Title": "And as annoying inconveniences that are a pleasure"
 },
  {
    "UserId": 10,
    "Id": 97,
    "Title": "is either"
 },
  {
    "UserId": 10,
    "Id": 98,
    "Title": "Every since we do not yet have assumed quo"
 },
  {
    "UserId": 10,
    "Id": 99,
    "Title": "Pain is the main obstacle to this is either"
 },
  {
    "UserId": 10,
    "Id": 100,
    "Title": "I reject this"
 }
]